insert into product values (12345678, 'water', 'food', 2, 10);
insert into product values (11111111, 'chicken', 'food', 3, 10);
insert into product values (22222222, 'gum', 'food', 1, 10);
insert into product values (33333333, 'beer', 'food', 3, 10);
insert into product values (44444444, 'lottery ticket', 'lottery', 5, 10);
insert into product values (55555555, 'crackers', 'food', 2, 10);
insert into product values (66666666, 'donut', 'food', 2, 10);
insert into product values (77777777, 'monster', 'food', 2, 10);
insert into product values (88888888, 'gas', 'gasoline', 2, 10);
insert into distributor values (1234, 'Deer Park', '23 Proctor Street Thomasville, NC 27360', '3301234567');
insert into distributor values (1111, 'Tyson', '525 Lawrence Street Emporia, KS 66801', '3301111111');
insert into distributor values (2222, 'Extra', '9609 South Oakwood Court Summerfield, FL 34491', '3302222222');
insert into distributor values (3333, 'Miller Lite', '638 St Margarets Drive Wooster, OH 44691', '3303333333');
insert into distributor values (4444, 'Ohio Lottery', '273 SW. Glen Palos Verdes Peninsula, CA 90274', '3304444444');
insert into distributor values (5555, 'Ritz', '24 Superior Street Franksville, NC 21160', '3305555555');
insert into distributor values (6666, 'Lerch', '11 Strong Street Wooster, OH 44691', '3306666666');
insert into distributor values (7777, 'Monster', '111 Burch Street Townsville, NY 11360', '3307777777');
insert into distributor values (8888, 'Ohio Gas', '39 Proctor Street Thomasville, NC 27360', '3308888888');
insert into employee values (1234, 'Jaden', '10');
insert into employee values (1111, 'Jake', '10');
insert into employee values (2222, 'Trey', '10');
insert into employee values (3333, 'Amjad', '10');
insert into location values (1234, 'Stark Sales', '889 Stadelman Ave Akron, OH, 44320', '3303303301');
insert into location values (1111, 'Holmes Sales', '128 Cherry Ave Berlin, OH, 44681', '3303303302');
insert into location values (2222, 'Wayne Sales', '512 Bosch Street Wooster, OH, 44320', '3303303303');
insert into inventory values (1111, 11111111, 100);
insert into inventory values (1111, 22222222, 100);
insert into inventory values (1111, 33333333, 100);
insert into inventory values (1111, 44444444, 100);
insert into inventory values (2222, 55555555, 100);
insert into inventory values (2222, 66666666, 100);
insert into inventory values (2222, 77777777, 100);
insert into inventory values (2222, 88888888, 100);
insert into inventory values (3333, 12345678, 100);
insert into inventory values (3333, 11111111, 100);
insert into inventory values (3333, 44444444, 100);
insert into inventory values (3333, 66666666, 100);
insert into orders values ('54321', 1234, 2222);
insert into orders values ('54322', 1111, 2222);
insert into orders values ('54323', 2222, 2222);
insert into orders values ('66666', 3333, 1234);
insert into orders values ('66667', 4444, 1234);
insert into orders values ('66668', 5555, 1234);
insert into orders values ('55555', 6666, 1111);
insert into orders values ('55556', 7777, 1111);
insert into orders values ('55557', 8888, 1111);
insert into employees values (1234, 1111, 'Manager');
insert into employees values (1111, 1234, 'Manager');
insert into employees values (2222, 1234, 'Manager');
insert into employees values (3333, 2222, 'Manager');
insert into order_amount values ('54321', 11111111, 100);
insert into order_amount values ('54322', 22222222, 100);
insert into order_amount values ('54323', 33333333, 100);
insert into order_amount values ('66666', 44444444, 100);
insert into order_amount values ('66667', 55555555, 100);
insert into order_amount values ('66668', 66666666, 100);
insert into order_amount values ('55555', 77777777, 100);
insert into order_amount values ('55556', 88888888, 100);
insert into order_amount values ('55557', 99999999, 100);













